model	metric	score	adjusted_score	Intercept	space_size_log	gini_user	gini_item	average_degree_user_log	average_degree_item_log	average_clustering_coef_dot_user_log	average_clustering_coef_dot_item_log	degree_assort_user	degree_assort_item	p_Intercept	p_space_size_log	p_gini_user	p_gini_item	p_average_degree_user_log	p_average_degree_item_log	p_average_clustering_coef_dot_user_log	p_average_clustering_coef_dot_item_log	p_degree_assort_user	p_degree_assort_item
AsymItemKNN	ndcg	0.1892817679200708	0.1453271649759782	0.13790170454545458	0.6426400532654917	-0.28348812413448476	-0.39719231311287845	-0.13702370332669422	-0.21245940026699695	0.12221574025660245	0.04542022215938929	-0.619090637370493	-0.0019399345459615892	0.0	0.059030506160186916	0.2740128844476478	0.3114630389934483	0.4752255959030367	0.5602244308796638	0.06020544819327857	0.8203248357509665	3.72527464110774e-07	0.8896139597392424
AsymUserKNN	ndcg	0.6195142968495719	0.5988855539076813	0.19040454545454547	0.12506442865440004	-0.021999597636384288	0.2493028362030174	0.17221614013856346	-0.020396183083223995	0.2249808350037208	0.0004275272756935622	-0.20656064737805657	-0.0034179860063005413	0.0	0.2606118607445751	0.790713325352995	0.022011552529290712	0.006852834542613014	0.8307129097666497	1.4128625408548302e-21	0.9933678982020264	3.647146611695494e-07	0.32654005191990054
ALS	ndcg	0.6316600593109079	0.611689821562704	0.19874943181818183	0.33328970519292866	-0.13050422460654565	0.34408324519818034	0.2930778624092405	-0.18602411082978132	0.27143908822140317	-0.06359117946893694	-0.2606595785289937	-0.0001748210505707233	0.0	0.008675037937912715	0.11106068708303894	0.010735719736603977	2.490654907406277e-06	0.11644799368254041	1.9905737869092213e-27	0.3248043460275851	3.163627402181045e-09	0.9659051083351504
BPR	ndcg	0.6627512659542099	0.6444666960360645	0.17859034090909087	0.27676140723436493	-0.015891822485815735	0.13961711093213403	0.12344648180100959	-0.01022834395219796	0.24848775220283703	-0.02851863440884647	-0.24252181399791123	-0.0022163871180086274	0.0	0.012018314082360922	0.8270964414510075	0.23091101197601038	0.030615419288417448	0.9235416333112674	6.676333482444924e-33	0.6076457404153297	1.4075185882249331e-09	0.5690617271535474
LightGCN	ndcg	0.7269723027618733	0.7121695962851073	0.1739931818181818	0.04865298480558522	-0.10601041306901696	0.18344362605957354	0.21612848927934658	0.09566628309461467	0.2439057638238431	0.05008779744823383	-0.19350188760833625	-0.00475932954447476	0.0	0.6126841604768833	0.1509368028585042	0.11876853790585808	0.0001396010175397173	0.3747278255566868	9.443191519600487e-29	0.3730595695551626	4.6811499896605655e-08	0.17213397795076468
UltraGCN	ndcg	0.7251409185200242	0.7102389201265316	0.17235852272727273	0.13507358491360444	-0.11099682045158762	0.09667169872064663	0.18462009652441852	0.09912898139552295	0.27078333548917155	0.05576162992553174	-0.24226954604243617	-0.0033972903321957022	0.0	0.19255614370586638	0.13936541908970992	0.41024258722250617	0.0008243744041777108	0.35537801028428906	1.4308395305266802e-37	0.3318458529099416	1.0449604322687552e-11	0.34520770764459185
SGL	ndcg	0.7334431832833106	0.7189913076781889	0.19030909090909093	0.2119436604828535	-0.03190187927812345	0.18796866412225932	0.18232526391849857	0.03899594589441824	0.2630505029780852	0.024299945024980396	-0.2021216094286984	-0.0044766849010019275	0.0	0.043740206393421244	0.6438550240355265	0.08377383890225662	0.0007936963684802828	0.7052280578871992	8.632649254570512e-38	0.6518003862290986	1.790961390907919e-08	0.20290640744350863
XSimGCL	ndcg	0.7464484549253572	0.7327016844092621	0.19474034090909095	0.08445765053178755	-0.11588689238679337	0.14355882552832067	0.21001729666296198	0.060302306142085094	0.2782776567699213	0.054607188620712954	-0.21876378463228796	-0.003406069755083386	0.0	0.4109707763175371	0.1497008579628597	0.2018532856672024	0.00025526645717768414	0.5491914595623288	7.698876212222947e-35	0.2989299424156737	3.641884110613251e-09	0.32162726468182656
AsymItemKNN	itemcoverage	0.8893897838188422	0.8833928443873336	0.13081420454545453	0.18145508771196184	-0.263517079290822	-0.19857150282113856	-0.1250295360237036	0.10328740130707448	-0.07782735185645576	-0.07356059608651508	-0.01020870822069364	0.0027905892219306765	0.0	0.023558095776076798	8.074121564336066e-07	0.04022146266881822	0.0012516174413904797	0.2673489854269364	4.500075461786211e-09	0.1183993382517479	0.6763641514835672	0.319075517637061
AsymUserKNN	itemcoverage	0.7519871337149764	0.7385406530127763	0.10899886363636364	0.2587023842949676	-0.12532869936675778	-0.10018006690823156	-0.019497174268332695	0.09913472557263714	-0.12124485311910008	-0.06584969257560319	0.1215627673811226	0.002248548914358762	0.0	0.0024624006609542965	0.017557715442177595	0.2726792602602096	0.6325533372286205	0.25040768721053985	4.39901055007537e-17	0.13053556295672317	1.1622954304074357e-05	0.40050896000834846
ALS	itemcoverage	0.7482610123494986	0.7346125130190497	0.07589261363636365	0.018469835922216293	-0.14608180662196568	-0.041548205291394746	0.052621673932112145	0.10384354185912997	-0.041266256953331526	-0.024730427666624644	-0.004600604776841044	0.0003710661186052287	0.0	0.7155954053075894	2.7351950237099414e-06	0.3983786153460257	0.035642497132269524	0.024891939355702154	1.699957134880967e-05	0.3118049133043854	0.7984561248968313	0.8142643664759246
BPR	itemcoverage	0.7783472433758427	0.7663299252456173	0.08050795454545455	0.08735200814793598	-0.07507795863385906	0.02607656973339867	-0.028137311977722623	0.08337717760442986	-0.0693164263130738	-0.055080502943104626	0.03643546940973552	-0.0020904382517151314	0.0	0.18440937043197347	0.0614984262989531	0.721765489881938	0.35118280536658997	0.21408315937856004	1.9711725776588772e-11	0.110757600409262	0.08879107760550999	0.3113176613431765
LightGCN	itemcoverage	0.8830508641666713	0.8767102483684788	0.11502727272727273	-0.010867715500004538	-0.1757828749101444	-0.049430119835848996	-0.03366427895623336	0.21996762207659515	-0.0913857967039398	-0.016087534599002445	0.041567222212206933	0.0020838639693868486	0.0	0.8798568960196513	3.066541818403133e-05	0.5011327218713033	0.3044763767482991	0.0012797131480303118	1.0386702360424741e-07	0.633214271981871	0.12158405875803602	0.28210838083938194
UltraGCN	itemcoverage	0.5072031506378225	0.48048524916637914	0.08425454545454544	0.16308091815223036	-0.16244202532964025	0.1235553000861388	0.03517254974696464	-0.046991791127200644	-0.08699545100899897	-0.09986982552075467	-0.02038615572184621	6.812132832915117e-05	0.0	0.1769927314978309	0.07938041825626029	0.3833929718139908	0.609185136861316	0.7151667556060839	0.0005937941426064824	0.14061350835055536	0.6385140006964611	0.9882453081189219
SGL	itemcoverage	0.8430888202347984	0.834581587596926	0.14464375000000002	0.13579597450210001	-0.28757138332052995	0.04440108734390824	0.035843151935424644	0.1961275139161136	-0.09467668955361018	-0.06151408824849444	0.0409471389646191	0.0016957175616744338	0.0	0.24736968300319018	0.00015168302809410094	0.6972408831128669	0.5007548538143771	0.06082764728412731	3.261595840118146e-05	0.24550018622754322	0.3098379790799156	0.6101245817966773
XSimGCL	itemcoverage	0.8134493725511115	0.8033351819062923	0.1201369318181818	0.1283211821375878	-0.2546618784126484	0.12396493082861992	0.09286931730955655	0.039331357918092724	-0.07481640209485291	-0.1134840073721319	0.04806059328085771	0.0032591419535131123	0.0	0.18338803287144534	2.030767184908633e-05	0.23519704253529927	0.04324321302548072	0.6950355894381082	0.0007934472097609859	0.02372434798542472	0.19009540616380471	0.25055768953377355
AsymItemKNN	averagepopularity	0.5495347187436885	0.525111902290033	46.56406363636364	-85.35778676274606	3.652697000356909	-187.57431302680075	-169.4228616308751	146.54893589347768	71.81843477838387	78.9647092553895	-55.59975266800308	-1.8227679549429285	0.0	0.3999477846761912	0.9572249651739737	0.07303179510870779	0.001962151902033105	0.14424943693835363	0.0005298801000099229	0.1545164862551588	0.18539421325335204	0.6444348701676608
AsymUserKNN	averagepopularity	0.8658603144824616	0.8585876809303059	74.51118522727273	-378.5547271753816	47.946943909731814	34.256747965916134	-131.58497226220888	164.18792704147359	152.37109399227182	35.09711856199573	107.61737315013127	-0.6481689799330308	0.0	0.0001520544010324513	0.4691472081187634	0.7258400565769161	0.003491084256514323	0.06871851791261269	1.5961862098496553e-09	0.4607822697909475	0.012923218695382288	0.8323262828463761
ALS	averagepopularity	0.9124285411283766	0.9076806909485897	57.758944886363636	-117.1507343246011	-15.904848703625433	0.05359918222092119	-25.940814396209248	95.06173038921042	101.06458928449456	18.875175272481357	47.198004400693804	-1.3684757678468658	0.0	0.024029038174984627	0.5955640004468877	0.9989758306585066	0.22323859225141407	0.02325146242238531	5.031969251883749e-12	0.372909131445911	0.03041091872393948	0.32565560639616786
BPR	averagepopularity	0.8497558579680735	0.8416100912314028	73.93889943181819	-363.64386426666124	-13.471223185047506	-14.74699277659846	-94.7550273562978	178.61736544096954	127.3344605294147	56.42929151291338	90.32136794156054	-0.8347178911246997	0.0	4.103716475260218e-05	0.7998397351716439	0.8734103768619147	0.014517349747004792	0.033611492796445895	1.5921136500491363e-12	0.18918512636889406	0.008935811879984556	0.7701746750984877
LightGCN	averagepopularity	0.882433447622951	0.8760593574338338	60.16347670454545	-205.268392144627	59.165435294225645	5.229041527606228	-101.43328051570415	140.74361949221742	118.16914336948177	38.15003608009937	60.47382474658309	-0.4701795154425348	0.0	0.0013557464112062163	0.15229680430213974	0.9369570570746149	0.0006334639135460512	0.011631754172583851	6.500399087160577e-22	0.18465714135533673	0.012960144846964254	0.8316604623444207
UltraGCN	averagepopularity	0.8487777383414814	0.8405789410226461	70.9928909090909	-321.26001062142484	30.319570365513428	-20.3314558870498	-114.34801789079313	192.28123892690365	125.65877843545597	59.86822841701634	92.23997207961568	0.07025756453005272	0.0	0.0002735960716329077	0.6239931216256533	0.8259708592602025	0.008316474013911833	0.01993823208801344	9.380266107875754e-12	0.17274583661221232	0.009340361090185993	0.9801199299953887
SGL	averagepopularity	0.8792415075302958	0.8726943603482035	44.76534375	-204.24746568225157	37.03992124727645	21.497021144887356	-75.66062674076248	90.36851137392404	86.00292922450429	21.367773754967715	45.43607448086996	-1.2132376926627813	0.0	0.0001821511272522229	0.2691744921083975	0.6419904498184464	0.0009110013996196883	0.02472832023652473	1.1181299535999509e-23	0.30413188677595726	0.009866805624809506	0.37913900899949393
XSimGCL	averagepopularity	0.90734452816476	0.9023210387279096	51.66286590909091	-210.49878533115236	40.619314221629324	-15.570908265171795	-99.50723932067285	153.87152480919002	104.14278454307332	43.5422270012144	48.89602346871388	-0.8635405406314902	0.0	4.601520175372261e-05	0.24111074470947136	0.7673907417391882	0.00010678465779398623	0.0008623253586356495	2.3010415889848065e-22	0.07634442930486915	0.02126476240665349	0.5982766925633816
AsymItemKNN	tailpercentage	0.1683350773784552	0.12324481048933533	0.05108181818181818	-1.0179409330504743	0.18030511940764898	0.8321703852826328	0.16482760355553355	-0.34395382621355225	0.013053535480396797	-0.33039156399260605	0.5116832753009666	0.010283817691692938	1.3104103643484312e-96	0.03847428854303558	0.6000055616036973	0.07485356890611403	0.4938016837504803	0.4418044983820145	0.8872952537145363	0.1597293233020769	0.0028664789292780855	0.5263512350727728
AsymUserKNN	tailpercentage	0.14437101167963862	0.09798148821648645	0.01563409090909091	-0.05190076554859416	-0.027110966504794137	-0.09502573489085696	0.004499596373319703	0.03566755243710577	-0.003590509389816485	0.008796320634573751	0.02837594933191276	-0.0017265550794996359	0.0	0.28103011964136004	0.48975902463694265	0.13983602443308776	0.8804391458220001	0.5007459861943533	0.7581856465173779	0.7293830562474912	0.13084162197859966	0.34685786111661776
ALS	tailpercentage	0.11808475319161094	0.07027007113573447	0.00023409090909090916	-0.0054888142601237	0.001983023196816564	0.0004022387319134932	-0.0019807717447354652	-0.002189597248813212	0.0007012898145623764	-0.00042212344507303317	-0.00024826673023011056	8.681946036205066e-05	5.173197684842886e-26	0.0945715825389612	0.43632002626646826	0.9477411827597305	0.3898468434138366	0.6751055315345769	0.3744654282690433	0.8661207975370685	0.8532643069751717	0.5631216644173423
BPR	tailpercentage	0.13120091741451678	0.0840973526960267	0.0010840909090909095	-0.011762783584583353	0.0002746694935699453	0.018233304114149793	-0.0027917363265920407	-0.01316579370536777	-0.0021678531620120526	-0.005325980039908673	0.0023858992325050633	-0.00029331385138080664	3.605360149470678e-129	0.12758154549176232	0.9620504497860325	0.06304890910603239	0.527993199093089	0.12869628598518912	0.1478708592172372	0.24076430741878285	0.3838237472890522	0.27633557005779685
LightGCN	tailpercentage	0.11339079250788087	0.06532161860770569	0.004301136363636364	-0.024960254932346902	0.011789963370434453	0.01564479280704783	0.003708079255308215	0.0034634414122338766	-0.003533443134394074	0.000804495797553895	0.006289684576151859	-0.0002908963653969316	0.0	0.23136990615451614	0.3843745097447985	0.4930384004039865	0.7382045579716474	0.866258838763055	0.4273201222355886	0.9351865817465891	0.44508673973421065	0.685621064985291
UltraGCN	tailpercentage	0.08075074874263799	0.030911933915431566	0.0015011363636363638	0.0005800723590648135	0.0023559171961327558	0.020347454717013956	0.0022249161413825953	-0.01819302742062981	-0.0018007180479029977	-0.009491482164998911	-0.0022202777114435426	-0.00021820264671203068	1.946394723082933e-135	0.9620965703658282	0.8074981424311146	0.13606862710046974	0.7289141859745245	0.1090671500427557	0.4342970362178231	0.11497849265069529	0.5083600609562211	0.5790913716458627
SGL	tailpercentage	0.16104821699515448	0.11556287936236165	0.011939204545454545	-0.035739763172498634	0.05789844493144483	0.055975225602096446	-0.010923356241811684	-0.017435959545866492	-0.013905343811535015	-0.023030055659000376	0.017380441487995203	-0.001186644515273007	0.0	0.43369279189334886	0.05379760608167452	0.24939943410933874	0.6592811016027302	0.6881411730017213	0.22497183963259437	0.2713086327429266	0.3356619306288763	0.4376961021892537
XSimGCL	tailpercentage	0.20588518875982698	0.1628307712829501	0.01032215909090909	-0.03785229621906644	0.025377606682260433	-0.0035642463630757917	0.003738520788238872	0.004194292627542326	-0.0010423844134756152	-0.006452249648727832	0.01155603116555793	-0.0013098844700213971	0.0	0.39525309753697224	0.40804630792396346	0.9384033436585638	0.8746651692249081	0.9220301231455599	0.9331152138091878	0.7536635266831287	0.530743250498289	0.3698521153942097
